id;type_employeur;is_public
62479;Ministère de l'Intérieur;VRAI
62480;;FAUX
62481;;FAUX
62482;Ministère de l'Intérieur;VRAI
62483;;FAUX
62484;Ministère de l'Éducation nationale, de l'Enseignement supérieur et de la Recherche;VRAI
62485;Ministère de l'Éducation nationale, de l'Enseignement supérieur et de la Recherche;VRAI
62486;;FAUX
62487;;FAUX
62488;Ministère de l'Éducation nationale, de l'Enseignement supérieur et de la Recherche;VRAI
62489;;FAUX
62490;;FAUX
62491;Ministère de l'Économie, des Finances et de la Souveraineté industrielle et numérique;VRAI
62492;Ministère de l'Éducation nationale, de l'Enseignement supérieur et de la Recherche;VRAI
62493;Ministère de la Justice;VRAI
62494;Ministère de la Justice;VRAI
62496;;FAUX
62497;Ministère de l'Éducation nationale, de l'Enseignement supérieur et de la Recherche;VRAI
62498;Ministère de l'Éducation nationale, de l'Enseignement supérieur et de la Recherche;VRAI
62499;Ministère de l'Intérieur;VRAI
62500;;FAUX
62501;Ministère de l'Éducation nationale, de l'Enseignement supérieur et de la Recherche;VRAI
62502;Ministère de l'Éducation nationale, de l'Enseignement supérieur et de la Recherche;VRAI
62503;Ministère de l'Éducation nationale, de l'Enseignement supérieur et de la Recherche;VRAI
62504;Ministère de l'Éducation nationale, de l'Enseignement supérieur et de la Recherche;VRAI
62505;Ministère de l'Éducation nationale, de l'Enseignement supérieur et de la Recherche;VRAI
62506;Ministère de l'Éducation nationale, de l'Enseignement supérieur et de la Recherche;VRAI
62507;Ministère de l'Éducation nationale, de l'Enseignement supérieur et de la Recherche;VRAI
62508;;FAUX
62509;;FAUX
62510;Ministère du Travail, de la Santé, des Solidarités et des Familles;VRAI
62511;Ministère de l'Éducation nationale, de l'Enseignement supérieur et de la Recherche;VRAI
62512;Ministère de l'Éducation nationale, de l'Enseignement supérieur et de la Recherche;VRAI
62513;Ministère de l'Économie, des Finances et de la Souveraineté industrielle et numérique;VRAI
62514;Ministère de l'Économie, des Finances et de la Souveraineté industrielle et numérique;VRAI
62515;Ministère de l'Éducation nationale, de l'Enseignement supérieur et de la Recherche;VRAI
62516;Ministère de la Culture;VRAI
62517;Ministère de la Culture;VRAI
62518;Ministère de la Culture;VRAI
62519;Ministère de l'Éducation nationale, de l'Enseignement supérieur et de la Recherche;VRAI
62520;Ministère de l'Intérieur;VRAI
62521;Ministère de l'Éducation nationale, de l'Enseignement supérieur et de la Recherche;VRAI
62525;Ministère de l'Éducation nationale, de l'Enseignement supérieur et de la Recherche;VRAI
62526;;FAUX
62531;;FAUX
62532;;FAUX
62535;Ministère du Travail, de la Santé, des Solidarités et des Familles;VRAI
62536;;FAUX
62540;;FAUX
62541;;FAUX
62542;Ministère de l'Éducation nationale, de l'Enseignement supérieur et de la Recherche;VRAI
62543;;FAUX
62544;Ministère de l'Intérieur;VRAI
62545;;FAUX
62546;;FAUX
62548;;FAUX
62549;Ministère de l'Intérieur;VRAI
62550;Ministère de la Transition écologique, de la Biodiversité, de la Forêt, de la Mer et de la Pêche;VRAI
62552;;FAUX
62554;Ministère de l'Éducation nationale, de l'Enseignement supérieur et de la Recherche;VRAI
62555;;FAUX
62556;Collectivité territoriale (communes, départements, régions, leurs regroupements et leurs établissements);VRAI
62557;Collectivité territoriale (communes, départements, régions, leurs regroupements et leurs établissements);VRAI
62558;;FAUX
62559;;FAUX
62560;;FAUX
62561;Ministère de l'Éducation nationale, de l'Enseignement supérieur et de la Recherche;VRAI
62562;Ministère de l'Intérieur;VRAI
62563;;FAUX
62565;Ministère des Armées;VRAI
62566;Ministère de l'Éducation nationale, de l'Enseignement supérieur et de la Recherche;VRAI
62567;Ministère de l'Éducation nationale, de l'Enseignement supérieur et de la Recherche;VRAI
62568;Ministère de l'Éducation nationale, de l'Enseignement supérieur et de la Recherche;VRAI
62570;Ministère de l'Économie, des Finances et de la Souveraineté industrielle et numérique;VRAI
62574;Collectivité territoriale (communes, départements, régions, leurs regroupements et leurs établissements);VRAI
62575;Ministère du Travail, de la Santé, des Solidarités et des Familles;VRAI
62577;Collectivité territoriale (communes, départements, régions, leurs regroupements et leurs établissements);VRAI
62578;;FAUX
62579;Ministère de l'Éducation nationale, de l'Enseignement supérieur et de la Recherche;VRAI
62581;Collectivité territoriale (communes, départements, régions, leurs regroupements et leurs établissements);VRAI
62583;;FAUX
62584;Ministère de l'Éducation nationale, de l'Enseignement supérieur et de la Recherche;VRAI
62585;Ministère du Travail, de la Santé, des Solidarités et des Familles;VRAI
62586;;FAUX
62588;;FAUX
62589;;FAUX
62590;Ministère des Armées;VRAI
62591;;FAUX
62592;;FAUX
62593;Ministère de l'Éducation nationale, de l'Enseignement supérieur et de la Recherche;VRAI
62594;;FAUX
62595;;FAUX
62596;Ministère du Travail, de la Santé, des Solidarités et des Familles;VRAI
62597;Ministère de l'Éducation nationale, de l'Enseignement supérieur et de la Recherche;VRAI
62598;Ministère de l'Éducation nationale, de l'Enseignement supérieur et de la Recherche;VRAI
62599;Ministère du Travail, de la Santé, des Solidarités et des Familles;VRAI
62600;Ministère du Travail, de la Santé, des Solidarités et des Familles;VRAI
62601;Ministère du Travail, de la Santé, des Solidarités et des Familles;VRAI
62602;Ministère du Travail, de la Santé, des Solidarités et des Familles;VRAI
62603;Ministère du Travail, de la Santé, des Solidarités et des Familles;VRAI
62604;Ministère de l’Agriculture et de la Souveraineté alimentaire;VRAI
62605;Ministère du Travail, de la Santé, des Solidarités et des Familles;VRAI
62606;Ministère du Travail, de la Santé, des Solidarités et des Familles;VRAI
62607;;FAUX
62608;;FAUX
62609;Ministère de l'Intérieur;VRAI
62610;;FAUX
62611;;FAUX
62612;Ministère de l'Éducation nationale, de l'Enseignement supérieur et de la Recherche;VRAI
62613;Ministère du Travail, de la Santé, des Solidarités et des Familles;VRAI
62614;Ministère de l'Éducation nationale, de l'Enseignement supérieur et de la Recherche;VRAI
62615;;FAUX
62616;Ministère de l'Éducation nationale, de l'Enseignement supérieur et de la Recherche;VRAI
62617;;FAUX
62618;;FAUX
62619;;FAUX
62620;Ministère de l'Éducation nationale, de l'Enseignement supérieur et de la Recherche;VRAI
62621;;FAUX
62622;;FAUX
62623;;FAUX
62624;;FAUX
62625;;FAUX
62626;;FAUX
62627;;FAUX
62628;;FAUX
62629;Ministère de l'Intérieur;VRAI
62630;Ministère de l'Éducation nationale, de l'Enseignement supérieur et de la Recherche;VRAI
62631;Ministère de l'Éducation nationale, de l'Enseignement supérieur et de la Recherche;VRAI
62632;Ministère de l'Éducation nationale, de l'Enseignement supérieur et de la Recherche;VRAI
62633;Ministère de l'Éducation nationale, de l'Enseignement supérieur et de la Recherche;VRAI
62634;Ministère de l'Éducation nationale, de l'Enseignement supérieur et de la Recherche;VRAI
62653;Collectivité territoriale (communes, départements, régions, leurs regroupements et leurs établissements);VRAI
62654;Collectivité territoriale (communes, départements, régions, leurs regroupements et leurs établissements);VRAI
62656;Collectivité territoriale (communes, départements, régions, leurs regroupements et leurs établissements);VRAI
62657;Collectivité territoriale (communes, départements, régions, leurs regroupements et leurs établissements);VRAI
62658;Collectivité territoriale (communes, départements, régions, leurs regroupements et leurs établissements);VRAI
62659;Collectivité territoriale (communes, départements, régions, leurs regroupements et leurs établissements);VRAI
62660;Collectivité territoriale (communes, départements, régions, leurs regroupements et leurs établissements);VRAI
62661;Collectivité territoriale (communes, départements, régions, leurs regroupements et leurs établissements);VRAI
62662;Collectivité territoriale (communes, départements, régions, leurs regroupements et leurs établissements);VRAI
62663;Collectivité territoriale (communes, départements, régions, leurs regroupements et leurs établissements);VRAI
62664;Collectivité territoriale (communes, départements, régions, leurs regroupements et leurs établissements);VRAI
62665;Collectivité territoriale (communes, départements, régions, leurs regroupements et leurs établissements);VRAI
62666;Collectivité territoriale (communes, départements, régions, leurs regroupements et leurs établissements);VRAI
62667;Collectivité territoriale (communes, départements, régions, leurs regroupements et leurs établissements);VRAI
62668;Collectivité territoriale (communes, départements, régions, leurs regroupements et leurs établissements);VRAI
62669;Collectivité territoriale (communes, départements, régions, leurs regroupements et leurs établissements);VRAI
62670;Collectivité territoriale (communes, départements, régions, leurs regroupements et leurs établissements);VRAI
62671;Ministère de l'Éducation nationale, de l'Enseignement supérieur et de la Recherche;VRAI
62672;Ministère de l'Éducation nationale, de l'Enseignement supérieur et de la Recherche;VRAI
62673;Ministère du Travail, de la Santé, des Solidarités et des Familles;VRAI
62674;Ministère de l'Éducation nationale, de l'Enseignement supérieur et de la Recherche;VRAI
62675;Ministère de l'Éducation nationale, de l'Enseignement supérieur et de la Recherche;VRAI
62676;Ministère de l'Éducation nationale, de l'Enseignement supérieur et de la Recherche;FAUX
62677;Ministère de l'Éducation nationale, de l'Enseignement supérieur et de la Recherche;VRAI
62678;Ministère de l'Éducation nationale, de l'Enseignement supérieur et de la Recherche;VRAI
62679;Ministère de l'Éducation nationale, de l'Enseignement supérieur et de la Recherche;VRAI
62680;;FAUX
62681;;FAUX
62682;;FAUX
62683;;FAUX
62684;;FAUX
62685;;FAUX
62686;;FAUX
62687;Ministère de l'Éducation nationale, de l'Enseignement supérieur et de la Recherche;VRAI
62688;;FAUX
62689;;FAUX
62690;Ministère des Armées;VRAI
62691;;FAUX
62692;;FAUX
62693;;FAUX
62694;Ministère de l'Éducation nationale, de l'Enseignement supérieur et de la Recherche;VRAI
62695;;FAUX
62696;Ministère de l'Éducation nationale, de l'Enseignement supérieur et de la Recherche;VRAI
62697;Ministère de l'Éducation nationale, de l'Enseignement supérieur et de la Recherche;VRAI
62698;Ministère de l’Agriculture et de la Souveraineté alimentaire;VRAI
62699;;FAUX
62700;Ministère de l'Éducation nationale, de l'Enseignement supérieur et de la Recherche;VRAI
62701;;FAUX
62702;;FAUX
62703;Ministère de l'Éducation nationale, de l'Enseignement supérieur et de la Recherche;VRAI
62704;;FAUX
62705;Ministère de l'Éducation nationale, de l'Enseignement supérieur et de la Recherche;VRAI
62706;;FAUX
62707;Premier ministre;VRAI